acc,loss,val_acc,val_loss,epoch
0.8406135717188135,0.7321328577648212,0.920844327176781,0.3121076687718287,0
0.9263849383719355,0.24669013220089503,0.9155672821646316,0.29040973138624415,1
0.9382364892320195,0.203451747775265,0.9287598944591029,0.26023672470002185,2
0.9466341595557362,0.16728180214308505,0.9393139841688655,0.23411843694481105,3
0.9548286604361371,0.1439748679121032,0.9393139840115973,0.22212255641198803,4
