acc,loss,val_acc,val_loss,epoch
0.0008348987685243164,5.123175983213975,0.125,4.704561352729797,0
