acc,loss,val_acc,val_loss,epoch
0.0,5.127906102324,0.064453125,4.7361671924591064,0
