acc,loss,val_acc,val_loss,epoch
0.7131247460381959,1.3631627038524885,0.91688654353562,0.2982031986078046,0
0.9123323852092645,0.30911250500437104,0.9261213720316622,0.26992990942499884,1
0.923134227278884,0.26212401749871717,0.9340369393139841,0.2510576213864821,2
0.931972098063118,0.2282208039024932,0.9340369393139841,0.2391656476065595,3
0.9359339022077746,0.2082425715387199,0.9274406334026508,0.2501510636448506,4
