acc,loss,val_acc,val_loss,epoch
0.03181670105331741,4.707194742026087,0.1793814433296931,3.783079989423457,0
0.22499728526441526,3.127337331038653,0.5814432990305203,1.97863734382944,1
0.5191660332283635,1.8273566184337473,0.8247422681026852,1.0533274989767172,2
0.6995330654794223,1.129762539805723,0.8618556703488851,0.6575664982353289,3
0.7971549571071778,0.7706437274038578,0.8618556701645409,0.5023598395672041,4
