acc,loss,val_acc,val_loss,epoch
0.002087246921310791,4.876859365935815,0.00390625,4.790239334106445,0
